name;version;name;wmc;dit;noc;cbo;rfc;lcom;ca;npm;bug
ant;1.7;org.apache.tools.ant.taskdefs.rmic.RmicAdapterFactory;3;1;0;10;18;3;1;1;0
ant;1.7;org.apache.tools.ant.taskdefs.optional.perforce.FStatP4OutputHandler;5;2;0;4;13;0;1;4;0
ant;1.7;org.apache.tools.ant.taskdefs.optional.junit.OutErrSummaryJUnitResultFormatter;1;2;0;1;3;0;0;1;0
ant;1.7;org.apache.tools.ant.taskdefs.optional.perforce.P4HandlerAdapter;8;1;9;13;20;12;9;8;0
ant;1.7;org.apache.tools.ant.taskdefs.WaitFor;9;3;0;5;26;16;0;7;1
ant;1.7;org.apache.tools.ant.taskdefs.optional.depend.constantpool.ConstantCPInfo;3;2;5;7;4;1;6;2;0
ant;1.7;org.apache.tools.zip.AsiExtraField;20;1;0;4;40;130;0;18;1
ant;1.7;org.apache.tools.ant.types.resources.selectors.Date;13;1;0;7;28;20;2;12;0
ant;1.7;org.apache.tools.ant.util.facade.FacadeTaskHelper;9;1;0;5;19;8;4;9;0
ant;1.7;org.apache.tools.ant.types.selectors.DepthSelector;7;5;0;9;25;0;6;7;0
ant;1.7;org.apache.tools.ant.taskdefs.optional.dotnet.JSharp;9;6;0;5;17;26;0;6;0
ant;1.7;org.apache.tools.ant.taskdefs.LogStreamHandler;3;2;0;19;10;3;14;3;0
ant;1.7;org.apache.tools.ant.input.InputHandler;1;1;0;10;1;0;8;1;0
ant;1.7;org.apache.tools.zip.JarMarker;9;1;0;3;12;20;1;8;0
ant;1.7;org.apache.tools.ant.taskdefs.optional.clearcase.CCMkbl;19;4;0;7;40;129;0;16;0
ant;1.7;org.apache.tools.ant.types.resources.Restrict;10;4;2;13;26;0;7;9;0
ant;1.7;org.apache.tools.ant.DemuxInputStream;3;2;0;2;5;0;1;3;0
ant;1.7;org.apache.tools.ant.taskdefs.optional.ejb.IPlanetEjbc;20;1;0;7;79;136;5;10;0
ant;1.7;org.apache.tools.zip.ZipExtraField;6;1;0;8;6;15;7;6;0
ant;1.7;org.apache.tools.ant.types.resources.comparators.FileSystem;3;4;0;5;11;1;1;1;1
ant;1.7;org.apache.tools.ant.taskdefs.condition.TypeFound;5;2;0;7;14;6;0;4;0
ant;1.7;org.apache.tools.ant.taskdefs.optional.perforce.P4OutputHandler;1;1;0;1;1;0;0;1;0
ant;1.7;org.apache.tools.ant.taskdefs.email.Message;11;2;0;7;26;0;5;11;0
ant;1.7;org.apache.tools.ant.taskdefs.optional.vss.MSVSSCP;3;4;0;5;15;3;0;2;0
ant;1.7;org.apache.tools.ant.taskdefs.condition.IsSet;3;2;0;5;7;1;1;3;0
ant;1.7;org.apache.tools.ant.taskdefs.optional.Rpm;16;3;0;15;65;76;0;13;1
ant;1.7;org.apache.tools.ant.types.selectors.BaseExtendSelector;4;4;8;12;5;0;8;3;0
ant;1.7;org.apache.tools.ant.taskdefs.optional.junit.XMLJUnitResultFormatter;15;1;0;11;65;75;0;11;0
ant;1.7;org.apache.tools.ant.taskdefs.optional.net.SetProxy;11;3;0;3;24;17;0;10;0
ant;1.7;org.apache.tools.ant.util.KeepAliveInputStream;2;3;0;1;3;1;1;2;0
ant;1.7;org.apache.tools.ant.taskdefs.CallTarget;15;3;0;9;41;0;0;15;0
ant;1.7;org.apache.tools.ant.taskdefs.DefBase;14;4;3;11;29;85;3;11;0
ant;1.7;org.apache.tools.zip.ZipOutputStream;27;3;0;8;101;157;5;15;1
ant;1.7;org.apache.tools.ant.taskdefs.optional.perforce.P4Label;5;4;0;8;23;4;4;5;0
ant;1.7;org.apache.tools.ant.taskdefs.XSLTLiaison;3;1;0;2;3;3;2;3;0
ant;1.7;org.apache.tools.ant.types.resources.BCFileSet;4;5;0;5;19;6;0;4;0
ant;1.7;org.apache.tools.ant.taskdefs.optional.extension.ExtraAttribute;6;1;0;2;11;3;1;4;0
ant;1.7;org.apache.tools.ant.taskdefs.optional.vss.MSVSS;55;3;8;20;106;1313;8;9;0
ant;1.7;org.apache.tools.ant.util.regexp.Jdk14RegexpRegexp;3;2;0;4;19;3;0;2;0
ant;1.7;org.apache.tools.ant.taskdefs.condition.AntVersion;8;1;0;4;22;0;0;6;0
ant;1.7;org.apache.tools.ant.util.LazyFileOutputStream;11;2;0;1;23;39;1;10;0
ant;1.7;org.apache.tools.ant.util.LoaderUtils;10;1;0;10;29;43;7;8;0
ant;1.7;org.apache.tools.ant.loader.AntClassLoader2;1;3;0;1;2;0;0;1;0
ant;1.7;org.apache.tools.ant.taskdefs.rmic.ForkingSunRmic;3;2;1;12;22;3;2;2;0
ant;1.7;org.apache.tools.ant.util.StringUtils;9;1;0;32;36;36;32;7;0
ant;1.7;org.apache.tools.ant.types.Parameter;7;1;0;24;8;3;24;7;0
ant;1.7;org.apache.tools.ant.util.regexp.Jdk14RegexpMatcher;9;1;1;4;19;30;1;7;0
ant;1.7;org.apache.tools.ant.DirectoryScanner;63;1;2;61;144;1603;51;31;3
ant;1.7;org.apache.tools.ant.taskdefs.LogOutputStream;6;3;2;20;13;7;17;3;0
ant;1.7;org.apache.tools.ant.taskdefs.optional.jsp.JspMangler;2;1;0;6;2;1;6;2;0
ant;1.7;org.apache.tools.ant.taskdefs.optional.dotnet.Ildasm;22;3;0;5;47;159;0;19;0
ant;1.7;org.apache.tools.ant.taskdefs.Apt;17;5;0;9;34;118;2;17;1
ant;1.7;org.apache.tools.ant.taskdefs.MacroInstance;12;3;0;15;99;18;1;8;2
ant;1.7;org.apache.tools.ant.DemuxOutputStream;10;2;0;3;30;27;1;5;0
ant;1.7;org.apache.tools.ant.types.ZipScanner;2;3;0;9;20;1;2;1;1
ant;1.7;org.apache.tools.ant.taskdefs.ExecTask;43;3;1;25;120;451;9;30;1
ant;1.7;org.apache.tools.ant.types.DataType;22;2;28;37;44;183;31;7;0
ant;1.7;org.apache.tools.ant.types.ArchiveFileSet;34;5;2;15;67;295;4;29;3
ant;1.7;org.apache.tools.ant.taskdefs.rmic.XNewRmic;2;3;0;3;4;1;1;1;0
ant;1.7;org.apache.tools.ant.taskdefs.optional.junit.Enumerations;3;1;0;3;6;3;1;2;0
ant;1.7;org.apache.tools.ant.taskdefs.Nice;4;3;0;3;16;2;0;4;0
ant;1.7;org.apache.tools.ant.taskdefs.optional.Script;11;3;0;8;26;0;0;11;0
ant;1.7;org.apache.tools.ant.taskdefs.optional.junit.JUnitVersionHelper;4;1;0;7;20;4;4;2;1
ant;1.7;org.apache.tools.ant.AntClassLoader;56;2;2;51;169;1200;37;35;6
ant;1.7;org.apache.tools.ant.types.selectors.DifferentSelector;5;5;0;8;16;0;5;3;0
ant;1.7;org.apache.tools.ant.taskdefs.optional.junit.DOMUtil;5;1;0;3;41;10;1;4;0
ant;1.7;org.apache.tools.ant.types.selectors.modifiedselector.DigestAlgorithm;7;1;0;3;26;0;1;7;0
ant;1.7;org.apache.tools.ant.taskdefs.optional.windows.Attrib;17;5;0;6;35;130;0;12;1
ant;1.7;org.apache.tools.ant.taskdefs.cvslib.ChangeLogWriter;4;1;0;6;33;0;1;2;0
ant;1.7;org.apache.tools.ant.taskdefs.optional.extension.JarLibDisplayTask;5;3;0;6;26;0;0;4;0
ant;1.7;org.apache.tools.ant.taskdefs.optional.ssh.SSHExec;9;4;0;11;54;10;1;7;4
ant;1.7;org.apache.tools.ant.taskdefs.TaskOutputStream;3;2;0;1;10;0;0;1;0
ant;1.7;org.apache.tools.ant.types.resources.selectors.Size;6;1;0;3;10;0;0;6;0
ant;1.7;org.apache.tools.ant.types.selectors.MajoritySelector;4;5;0;7;15;0;6;4;0
ant;1.7;org.apache.tools.ant.taskdefs.condition.IsFailure;4;1;0;2;6;0;0;4;0
ant;1.7;org.apache.tools.ant.taskdefs.optional.junit.XalanExecutor;9;1;1;4;32;34;1;0;0
ant;1.7;org.apache.tools.ant.types.selectors.SizeSelector;8;5;0;11;31;0;6;8;0
ant;1.7;org.apache.tools.ant.taskdefs.optional.Cab;15;4;0;14;83;47;0;8;0
ant;1.7;org.apache.tools.ant.util.TimeoutObserver;1;1;0;3;1;0;3;1;0
ant;1.7;org.apache.tools.ant.util.DOMElementWriter;17;1;0;8;67;90;7;13;0
ant;1.7;org.apache.tools.ant.types.resources.CompressedResource;24;4;2;7;50;270;2;20;0
ant;1.7;org.apache.tools.ant.taskdefs.optional.depend.ClassFile;4;1;0;8;20;0;4;4;0
ant;1.7;org.apache.tools.zip.ZipEntry;27;2;0;11;53;229;8;23;1
ant;1.7;org.apache.tools.ant.types.AntFilterReader;10;3;0;8;32;15;2;10;0
ant;1.7;org.apache.tools.ant.DynamicAttribute;1;1;0;4;1;0;3;1;0
ant;1.7;org.apache.tools.ant.types.selectors.ExtendSelector;10;4;0;15;36;3;6;10;0
ant;1.7;org.apache.tools.ant.taskdefs.optional.ccm.CCMCheck;11;4;3;12;41;19;3;9;0
ant;1.7;org.apache.tools.ant.taskdefs.JikesOutputParser;12;1;0;3;22;44;1;5;0
ant;1.7;org.apache.tools.ant.taskdefs.LoadProperties;12;3;0;14;58;0;0;11;1
ant;1.7;org.apache.tools.ant.taskdefs.condition.Not;2;3;0;3;8;1;1;2;0
ant;1.7;org.apache.tools.ant.taskdefs.optional.ReplaceRegExp;15;3;0;10;77;41;0;12;3
ant;1.7;org.apache.tools.ant.taskdefs.BuildNumber;7;3;0;4;38;0;0;3;0
ant;1.7;org.apache.tools.ant.BuildLogger;4;1;0;6;4;6;5;4;0
ant;1.7;org.apache.tools.ant.types.resources.comparators.Reverse;4;4;0;5;8;4;2;3;0
ant;1.7;org.apache.tools.ant.types.resources.ArchiveResource;21;4;2;9;55;162;4;18;0
ant;1.7;org.apache.tools.ant.types.resources.First;4;4;0;3;12;0;0;3;0
ant;1.7;org.apache.tools.ant.taskdefs.email.Mailer;19;1;2;9;21;145;4;18;1
ant;1.7;org.apache.tools.ant.taskdefs.optional.junit.XMLResultAggregator;12;3;0;11;75;44;1;7;0
ant;1.7;org.apache.tools.ant.util.regexp.RegexpMatcher;6;1;0;9;6;15;8;6;0
ant;1.7;org.apache.tools.ant.types.selectors.OrSelector;3;5;0;7;14;3;6;3;0
ant;1.7;org.apache.tools.ant.types.spi.Service;7;2;0;5;27;0;1;7;0
ant;1.7;org.apache.tools.ant.taskdefs.Pack;14;3;2;8;38;83;2;8;2
ant;1.7;org.apache.tools.ant.taskdefs.optional.ejb.DescriptorHandler;11;2;3;11;39;7;9;10;0
ant;1.7;org.apache.tools.ant.taskdefs.optional.jlink.jlink;17;1;0;2;81;100;1;9;0
ant;1.7;org.apache.tools.ant.taskdefs.optional.perforce.SimpleP4OutputHandler;2;2;1;17;14;0;13;2;0
ant;1.7;org.apache.tools.ant.types.Mapper;15;3;0;25;44;45;16;13;0
ant;1.7;org.apache.tools.ant.Task;29;2;102;184;66;346;181;19;0
ant;1.7;org.apache.tools.ant.types.resources.Files;34;4;0;10;92;39;0;29;1
ant;1.7;org.apache.tools.ant.types.selectors.modifiedselector.HashvalueAlgorithm;4;1;0;2;13;6;1;4;0
ant;1.7;org.apache.tools.ant.util.SourceFileScanner;7;1;0;15;23;5;7;6;0
ant;1.7;org.apache.tools.ant.taskdefs.optional.i18n.Translate;19;4;0;8;84;103;0;14;0
ant;1.7;org.apache.tools.ant.util.optional.WeakishReference12;1;3;0;1;2;0;0;1;0
ant;1.7;org.apache.tools.ant.types.selectors.FilenameSelector;8;5;0;10;23;0;6;8;0
ant;1.7;org.apache.tools.ant.taskdefs.optional.junit.FormatterElement;15;1;0;7;34;75;2;11;0
ant;1.7;org.apache.tools.ant.util.regexp.RegexpMatcherFactory;6;1;1;8;22;15;3;3;0
ant;1.7;org.apache.tools.ant.taskdefs.Mkdir;4;3;0;3;18;4;0;3;0
ant;1.7;org.apache.tools.ant.BuildListener;7;1;0;16;7;21;15;7;1
ant;1.7;org.apache.tools.ant.taskdefs.optional.jlink.ClassNameReader;2;1;0;2;8;1;1;2;0
ant;1.7;org.apache.tools.ant.taskdefs.optional.vss.MSVSSConstants;0;1;0;1;0;0;1;0;0
ant;1.7;org.apache.tools.ant.taskdefs.optional.clearcase.CCMklbtype;24;4;0;7;43;222;0;20;0
ant;1.7;org.apache.tools.ant.taskdefs.optional.pvcs.PvcsProject;3;1;0;1;4;1;1;3;0
ant;1.7;org.apache.tools.ant.filters.StripJavaComments;4;4;0;3;7;0;1;4;0
ant;1.7;org.apache.tools.ant.taskdefs.Taskdef;1;7;0;1;7;0;0;1;0
ant;1.7;org.apache.tools.ant.util.LineTokenizer;4;2;0;8;10;0;6;4;0
ant;1.7;org.apache.tools.ant.filters.ReplaceTokens;14;5;0;7;49;7;1;7;1
ant;1.7;org.apache.tools.ant.PathTokenizer;3;1;0;3;18;0;2;3;0
ant;1.7;org.apache.tools.ant.filters.BaseParamFilterReader;4;4;12;15;7;4;12;3;0
ant;1.7;org.apache.tools.ant.types.selectors.MappingSelector;8;4;2;9;24;8;2;6;0
ant;1.7;org.apache.tools.ant.util.ConcatFileInputStream;9;2;0;4;19;10;1;6;0
ant;1.7;org.apache.tools.ant.types.resources.selectors.And;3;4;0;4;9;3;1;3;0
ant;1.7;org.apache.tools.ant.taskdefs.optional.javacc.JJTree;22;3;0;13;80;59;0;17;0
ant;1.7;org.apache.tools.ant.taskdefs.optional.dotnet.DotnetBaseMatchingTask;11;4;2;8;38;45;2;6;0
ant;1.7;org.apache.tools.ant.filters.ExpandProperties;4;4;0;4;13;0;1;4;0
ant;1.7;org.apache.tools.ant.types.selectors.modifiedselector.PropertiesfileCache;12;1;0;2;42;0;1;12;0
ant;1.7;org.apache.tools.ant.taskdefs.cvslib.RCSFile;5;1;0;2;7;4;2;0;0
ant;1.7;org.apache.tools.ant.types.resources.ZipResource;12;5;0;10;52;60;2;10;0
ant;1.7;org.apache.tools.ant.taskdefs.ExecuteStreamHandler;5;1;0;31;5;10;31;5;0
ant;1.7;org.apache.tools.ant.taskdefs.optional.dotnet.NetCommand;19;1;0;23;69;81;11;14;0
ant;1.7;org.apache.tools.ant.listener.TimestampedLogger;4;2;0;1;15;6;0;1;0
ant;1.7;org.apache.tools.mail.ErrorInQuitException;1;4;0;1;3;0;1;1;0
ant;1.7;org.apache.tools.ant.taskdefs.UpToDate;14;3;0;17;48;41;1;11;1
ant;1.7;org.apache.tools.ant.types.resources.comparators.Exists;2;4;0;2;4;1;0;1;0
ant;1.7;org.apache.tools.ant.util.ProxySetup;3;1;0;2;13;1;1;3;0
ant;1.7;org.apache.tools.ant.taskdefs.ManifestTask;7;3;0;9;39;1;0;7;1
ant;1.7;org.apache.tools.ant.taskdefs.optional.ccm.Continuus;7;3;3;12;26;9;3;4;0
ant;1.7;org.apache.tools.ant.util.Retryable;1;1;0;1;1;0;1;1;0
ant;1.7;org.apache.tools.ant.taskdefs.optional.RenameExtensions;6;4;0;9;33;0;0;6;0
ant;1.7;org.apache.tools.ant.BuildEvent;11;2;0;17;15;13;15;11;0
ant;1.7;org.apache.tools.ant.util.CompositeMapper;2;2;0;3;13;1;1;2;0
ant;1.7;org.apache.tools.ant.types.resources.FileResource;24;4;0;45;68;244;41;22;2
ant;1.7;org.apache.tools.ant.util.ScriptRunnerBase;25;1;1;13;59;248;9;20;0
ant;1.7;org.apache.tools.ant.taskdefs.cvslib.RedirectingStreamHandler;3;2;0;5;12;3;1;1;0
ant;1.7;org.apache.tools.ant.launch.Launcher;9;1;0;5;57;34;2;2;1
ant;1.7;org.apache.tools.ant.taskdefs.condition.IsTrue;3;2;0;4;6;0;1;3;0
ant;1.7;org.apache.tools.ant.taskdefs.Zip;49;4;1;31;210;844;1;28;8
ant;1.7;org.apache.tools.ant.taskdefs.optional.unix.AbstractAccessTask;6;5;2;8;21;15;2;5;1
ant;1.7;org.apache.tools.ant.taskdefs.optional.extension.ExtensionSet;7;3;0;11;28;0;2;7;0
ant;1.7;org.apache.tools.ant.types.resources.selectors.Or;3;4;0;4;9;3;1;3;0
ant;1.7;org.apache.tools.bzip2.BZip2Constants;1;1;0;2;1;0;2;0;0
ant;1.7;org.apache.tools.ant.util.GlobPatternMapper;8;1;2;5;22;6;4;6;3
ant;1.7;org.apache.tools.ant.taskdefs.War;11;6;0;6;34;39;0;7;2
ant;1.7;org.apache.tools.ant.taskdefs.optional.vss.MSVSSADD;8;4;0;6;26;22;0;6;0
ant;1.7;org.apache.tools.ant.types.Permissions;12;1;0;8;34;26;6;6;0
ant;1.7;org.apache.tools.ant.taskdefs.condition.HasFreeSpace;7;1;0;5;16;0;0;6;0
ant;1.7;org.apache.tools.ant.taskdefs.email.UUMailer;2;3;0;3;15;1;0;0;0
ant;1.7;org.apache.tools.ant.types.resources.selectors.ResourceSelector;1;1;0;26;1;0;25;1;0
ant;1.7;org.apache.tools.ant.util.ResourceUtils;14;1;0;30;96;87;8;10;1
ant;1.7;org.apache.tools.ant.AntTypeDefinition;21;1;2;14;47;124;10;18;0
ant;1.7;org.apache.tools.ant.taskdefs.AntlibDefinition;5;3;3;6;12;2;4;5;0
ant;1.7;org.apache.tools.ant.taskdefs.optional.j2ee.WebLogicHotDeploymentTool;13;2;0;8;37;60;1;7;0
ant;1.7;org.apache.tools.ant.taskdefs.optional.vss.MSVSSLABEL;6;4;0;5;25;15;0;5;0
ant;1.7;org.apache.tools.ant.types.selectors.ExtendFileSelector;0;1;0;4;0;0;2;0;0
ant;1.7;org.apache.tools.ant.util.optional.JavaxScriptRunner;6;2;0;4;34;11;0;5;1
ant;1.7;org.apache.tools.ant.taskdefs.optional.perforce.P4Change;5;4;0;6;17;6;2;5;0
ant;1.7;org.apache.tools.ant.taskdefs.optional.ssh.Scp;24;4;0;14;85;180;0;13;4
ant;1.7;org.apache.tools.ant.taskdefs.optional.javah.SunJavah;3;1;0;12;38;3;1;2;0
ant;1.7;org.apache.tools.ant.types.CommandlineJava;39;1;0;21;94;461;11;33;0
ant;1.7;org.apache.tools.ant.filters.ClassConstants;4;4;0;4;20;0;1;4;0
ant;1.7;org.apache.tools.ant.taskdefs.optional.clearcase.CCLock;20;4;0;7;42;148;0;15;0
ant;1.7;org.apache.tools.ant.taskdefs.Cvs;1;4;0;1;2;0;0;1;0
ant;1.7;org.apache.tools.ant.types.Reference;9;1;1;63;15;14;61;9;0
ant;1.7;org.apache.tools.ant.filters.LineContains;10;5;0;6;29;0;1;7;0
ant;1.7;org.apache.tools.ant.taskdefs.optional.junit.Constants;1;1;0;0;2;0;0;1;1
ant;1.7;org.apache.tools.ant.taskdefs.Available;22;3;0;12;71;163;1;17;1
ant;1.7;org.apache.tools.ant.types.selectors.TypeSelector;6;5;0;8;21;0;5;6;0
ant;1.7;org.apache.tools.ant.taskdefs.Sleep;10;3;0;2;20;21;0;9;0
ant;1.7;org.apache.tools.ant.types.resources.comparators.ResourceComparator;5;3;9;18;12;10;16;4;0
ant;1.7;org.apache.tools.ant.types.resources.comparators.Type;2;4;0;2;4;1;0;1;0
ant;1.7;org.apache.tools.ant.filters.TabsToSpaces;7;5;0;4;18;0;1;5;0
ant;1.7;org.apache.tools.ant.taskdefs.compilers.Jikes;2;2;0;8;34;1;1;2;0
ant;1.7;org.apache.tools.ant.types.ResourceCollection;3;1;0;69;3;3;69;3;0
ant;1.7;org.apache.tools.ant.util.IdentityStack;6;5;0;1;12;15;1;6;0
ant;1.7;org.apache.tools.ant.UnknownElement;31;3;0;29;119;277;19;19;3
ant;1.7;org.apache.tools.ant.taskdefs.Checksum;24;4;0;13;103;176;1;18;2
ant;1.7;org.apache.tools.ant.taskdefs.optional.ejb.WebsphereDeploymentTool;33;2;0;15;130;434;2;23;0
ant;1.7;org.apache.tools.ant.taskdefs.Basename;5;3;0;4;15;4;0;5;0
ant;1.7;org.apache.tools.ant.taskdefs.optional.javah.Kaffeh;3;1;0;11;28;3;1;2;0
ant;1.7;org.apache.tools.ant.util.ChainedMapper;2;2;0;2;15;1;0;2;0
ant;1.7;org.apache.tools.ant.taskdefs.optional.ccm.CCMCheckout;1;5;0;1;3;0;0;1;0
ant;1.7;org.apache.tools.ant.types.resources.BaseResourceCollectionWrapper;13;3;4;12;42;54;5;8;1
ant;1.7;org.apache.tools.ant.taskdefs.BUnzip2;4;4;0;6;29;6;0;1;0
ant;1.7;org.apache.tools.ant.util.Base64Converter;4;1;1;2;7;4;2;3;0
ant;1.7;org.apache.tools.ant.taskdefs.optional.ssh.AbstractSshMessage;13;1;2;12;37;56;4;4;0
ant;1.7;org.apache.tools.ant.types.resources.selectors.Majority;4;4;0;3;11;0;0;4;0
ant;1.7;org.apache.tools.ant.taskdefs.FixCRLF;21;4;0;15;72;54;1;16;2
ant;1.7;org.apache.tools.ant.taskdefs.optional.j2ee.HotDeploymentTool;3;1;0;5;3;3;4;3;0
ant;1.7;org.apache.tools.ant.types.resources.Intersect;3;4;0;3;19;3;0;1;0
ant;1.7;org.apache.tools.ant.taskdefs.Javac;77;4;1;29;123;2700;14;68;3
ant;1.7;org.apache.tools.ant.types.resources.Touchable;1;1;0;4;1;0;4;1;0
ant;1.7;org.apache.tools.ant.taskdefs.optional.extension.resolvers.LocationResolver;4;1;0;5;10;0;1;4;0
ant;1.7;org.apache.tools.ant.taskdefs.optional.sos.SOSGet;6;4;0;3;20;15;0;5;0
ant;1.7;org.apache.tools.ant.types.ArchiveScanner;17;2;2;9;51;28;5;12;2
ant;1.7;org.apache.tools.ant.taskdefs.optional.depend.constantpool.Utf8CPInfo;4;2;0;5;9;0;5;4;0
ant;1.7;org.apache.tools.ant.types.resources.JavaResource;11;4;0;8;45;15;1;11;1
ant;1.7;org.apache.tools.ant.taskdefs.optional.ejb.IPlanetDeploymentTool;13;2;0;8;49;54;1;7;1
ant;1.7;org.apache.tools.ant.types.selectors.SelectorContainer;24;1;0;24;24;276;4;24;0
ant;1.7;org.apache.tools.ant.taskdefs.email.MimeMailer;5;2;0;7;69;8;1;2;4
ant;1.7;org.apache.tools.ant.taskdefs.optional.ssh.Directory;15;1;0;3;29;55;3;15;0
ant;1.7;org.apache.tools.ant.types.FilterSetCollection;5;1;0;9;13;0;8;5;0
ant;1.7;org.apache.tools.ant.taskdefs.optional.depend.DirectoryIterator;3;1;0;2;21;1;0;2;0
ant;1.7;org.apache.tools.ant.taskdefs.condition.IsSigned;5;3;0;7;26;6;2;5;1
ant;1.7;org.apache.tools.ant.taskdefs.cvslib.CvsVersion;7;4;0;3;26;9;1;7;1
ant;1.7;org.apache.tools.ant.taskdefs.optional.depend.constantpool.ConstantPool;14;1;0;10;53;0;8;14;0
ant;1.7;org.apache.tools.ant.taskdefs.optional.clearcase.CCCheckout;26;4;0;7;50;271;0;20;0
ant;1.7;org.apache.tools.ant.taskdefs.XSLTProcess;44;4;0;28;137;774;4;31;2
ant;1.7;org.apache.tools.ant.TypeAdapter;5;1;0;7;5;10;6;5;0
ant;1.7;org.apache.tools.ant.taskdefs.SQLExec;26;4;0;12;109;233;1;20;8
ant;1.7;org.apache.tools.ant.taskdefs.optional.clearcase.CCCheckin;17;4;0;7;39;100;0;14;0
ant;1.7;org.apache.tools.ant.util.FileUtils;58;1;0;142;158;1627;134;56;4
ant;1.7;org.apache.tools.ant.PropertyHelper;23;1;0;4;56;107;3;18;3
ant;1.7;org.apache.tools.ant.taskdefs.optional.dotnet.ImportTypelib;11;3;0;4;29;17;0;8;0
ant;1.7;org.apache.tools.ant.taskdefs.optional.extension.resolvers.URLResolver;8;1;0;6;24;0;1;6;0
ant;1.7;org.apache.tools.ant.taskdefs.optional.native2ascii.KaffeNative2Ascii;5;2;0;8;16;8;1;1;0
ant;1.7;org.apache.tools.ant.types.Substitution;4;3;0;5;7;0;3;4;1
ant;1.7;org.apache.tools.ant.taskdefs.cvslib.CvsUser;6;1;0;2;11;3;1;6;0
ant;1.7;org.apache.tools.zip.ExtraFieldUtils;7;1;0;4;41;15;1;6;2
ant;1.7;org.apache.tools.ant.filters.TailFilter;10;5;0;5;30;0;1;6;0
ant;1.7;org.apache.tools.ant.taskdefs.optional.junit.Xalan2Executor;4;2;0;3;26;0;0;1;0
ant;1.7;org.apache.tools.ant.taskdefs.Length;17;3;0;18;53;86;4;14;1
ant;1.7;org.apache.tools.ant.types.selectors.SelectSelector;13;5;0;9;34;68;6;12;0
ant;1.7;org.apache.tools.ant.listener.AnsiColorLogger;3;2;0;1;17;0;0;1;0
ant;1.7;org.apache.tools.ant.taskdefs.optional.junit.CompoundEnumeration;3;1;0;1;7;0;1;3;0
ant;1.7;org.apache.tools.ant.types.Quantifier;6;2;0;9;16;11;1;5;0
ant;1.7;org.apache.tools.ant.taskdefs.optional.clearcase.ClearCase;13;3;13;24;45;46;13;9;0
ant;1.7;org.apache.tools.ant.taskdefs.optional.clearcase.CCUnlock;13;4;0;7;37;66;0;9;0
ant;1.7;org.apache.tools.ant.taskdefs.ResourceCount;8;3;0;7;25;12;0;8;0
ant;1.7;org.apache.tools.ant.taskdefs.Concat;29;3;0;25;109;268;1;20;4
ant;1.7;org.apache.tools.ant.util.ScriptRunnerCreator;3;1;0;6;17;0;1;2;0
ant;1.7;org.apache.tools.ant.types.resources.comparators.Content;4;4;0;4;7;0;0;3;0
ant;1.7;org.apache.tools.ant.taskdefs.optional.ssh.SSHUserInfo;20;1;0;5;21;130;3;20;0
ant;1.7;org.apache.tools.ant.util.JavaEnvUtils;16;1;0;29;40;72;27;11;0
ant;1.7;org.apache.tools.ant.util.XmlConstants;1;1;0;0;2;0;0;1;0
ant;1.7;org.apache.tools.ant.taskdefs.Unpack;13;3;2;9;36;62;2;8;1
ant;1.7;org.apache.tools.ant.taskdefs.optional.extension.ExtensionResolver;1;1;0;7;1;0;4;1;0
ant;1.7;org.apache.tools.tar.TarUtils;8;1;0;1;14;28;1;8;0
ant;1.7;org.apache.tools.zip.UnixStat;0;1;0;1;0;0;1;0;0
ant;1.7;org.apache.tools.ant.types.resources.selectors.Type;5;1;0;6;10;0;2;4;0
ant;1.7;org.apache.tools.ant.types.FileList;12;3;0;13;32;0;6;10;0
ant;1.7;org.apache.tools.ant.taskdefs.optional.TraXLiaison;25;1;0;15;108;244;0;15;2
ant;1.7;org.apache.tools.ant.ExitException;3;5;0;3;7;0;3;3;0
ant;1.7;org.apache.tools.ant.taskdefs.optional.net.MimeMail;2;4;0;2;9;1;0;2;0
ant;1.7;org.apache.tools.ant.launch.Locator;11;1;0;8;75;53;7;9;4
ant;1.7;org.apache.tools.ant.taskdefs.optional.depend.constantpool.IntegerCPInfo;3;3;0;2;11;3;1;3;0
ant;1.7;org.apache.tools.ant.taskdefs.optional.perforce.P4Labelsync;9;4;0;5;20;28;0;9;0
ant;1.7;org.apache.tools.ant.taskdefs.optional.dotnet.VisualBasicCompile;26;6;0;5;42;233;0;19;0
ant;1.7;org.apache.tools.ant.taskdefs.optional.extension.JarLibAvailableTask;7;3;0;7;28;0;0;6;0
ant;1.7;org.apache.tools.ant.DynamicElement;1;1;0;4;1;0;3;1;0
ant;1.7;org.apache.tools.ant.taskdefs.email.Header;5;1;0;3;6;6;3;5;0
ant;1.7;org.apache.tools.ant.taskdefs.Tstamp;6;3;0;5;27;3;1;4;0
ant;1.7;org.apache.tools.ant.taskdefs.optional.sound.SoundTask;5;3;0;5;16;0;1;5;0
ant;1.7;org.apache.tools.ant.taskdefs.optional.javacc.JJDoc;8;3;0;13;57;4;0;7;0
ant;1.7;org.apache.tools.ant.types.selectors.modifiedselector.Cache;7;1;0;2;7;21;2;7;0
ant;1.7;org.apache.tools.ant.types.TarFileSet;21;6;1;10;42;126;2;15;0
ant;1.7;org.apache.tools.ant.taskdefs.optional.ejb.JonasDeploymentTool;28;2;0;12;97;302;1;16;0
ant;1.7;org.apache.tools.tar.TarConstants;0;1;0;1;0;0;1;0;0
ant;1.7;org.apache.tools.ant.taskdefs.compilers.Sj;3;2;0;5;12;3;1;2;0
ant;1.7;org.apache.tools.ant.taskdefs.optional.perforce.P4Delete;3;4;0;4;10;0;0;3;0
ant;1.7;org.apache.tools.ant.taskdefs.optional.EchoProperties;14;3;0;10;90;63;1;9;0
ant;1.7;org.apache.tools.ant.taskdefs.condition.Http;4;2;0;4;15;0;1;4;0
ant;1.7;org.apache.tools.ant.taskdefs.Rename;6;3;0;5;21;3;0;5;0
ant;1.7;org.apache.tools.ant.taskdefs.optional.depend.ClassFileIterator;1;1;0;3;1;0;2;1;0
ant;1.7;org.apache.tools.ant.taskdefs.Jikes;2;1;0;6;30;0;0;0;0
ant;1.7;org.apache.tools.ant.taskdefs.optional.depend.constantpool.ConstantPoolEntry;7;1;7;14;24;11;10;7;0
ant;1.7;org.apache.tools.ant.taskdefs.optional.perforce.P4OutputStream;4;2;0;2;12;0;1;3;0
ant;1.7;org.apache.tools.ant.taskdefs.condition.Matches;8;2;0;6;15;6;0;8;0
ant;1.7;org.apache.tools.ant.taskdefs.Exec;10;3;0;5;45;21;1;7;0
ant;1.7;org.apache.tools.ant.taskdefs.optional.jsp.compilers.JspCompilerAdapter;4;1;0;5;4;6;3;4;0
ant;1.7;org.apache.tools.ant.util.TaskLogger;6;1;0;1;8;0;0;6;0
ant;1.7;org.apache.tools.ant.taskdefs.optional.junit.BriefJUnitResultFormatter;13;1;0;7;40;58;0;11;0
ant;1.7;org.apache.tools.ant.taskdefs.condition.FilesMatch;6;1;0;4;15;3;1;5;0
ant;1.7;org.apache.tools.ant.taskdefs.optional.clearcase.CCRmtype;20;4;0;7;39;148;0;16;0
ant;1.7;org.apache.tools.ant.util.PackageNameMapper;2;2;0;1;6;1;0;1;0
ant;1.7;org.apache.tools.ant.types.selectors.SelectorUtils;18;1;0;10;47;145;8;15;1
ant;1.7;org.apache.tools.ant.taskdefs.optional.Javah;31;3;0;16;79;365;4;29;0
ant;1.7;org.apache.tools.ant.taskdefs.LoadFile;2;4;0;3;5;1;0;2;0
ant;1.7;org.apache.tools.ant.taskdefs.condition.HasMethod;12;2;0;7;37;44;0;9;0
ant;1.7;org.apache.tools.ant.taskdefs.WhichResource;8;3;0;5;30;8;0;7;0
ant;1.7;org.apache.tools.ant.types.resources.Difference;3;4;0;3;20;3;0;1;0
ant;1.7;org.apache.tools.ant.taskdefs.optional.sound.AntSoundPlayer;14;1;0;4;43;81;1;11;0
ant;1.7;org.apache.tools.ant.taskdefs.optional.j2ee.GenericHotDeploymentTool;11;2;1;8;27;21;2;9;0
ant;1.7;org.apache.tools.ant.util.facade.ImplementationSpecificArgument;3;3;2;8;6;1;7;3;0
ant;1.7;org.apache.tools.ant.taskdefs.Move;9;4;0;10;64;22;1;1;1
ant;1.7;org.apache.tools.ant.taskdefs.condition.Equals;6;1;0;3;11;1;1;6;0
ant;1.7;org.apache.tools.ant.types.Comparison;5;2;2;9;10;6;7;4;0
ant;1.7;org.apache.tools.ant.taskdefs.optional.junit.JUnitTaskMirrorImpl;4;1;0;13;14;6;0;4;0
ant;1.7;org.apache.tools.ant.IntrospectionHelper;35;1;0;32;120;417;20;24;4
ant;1.7;org.apache.tools.ant.taskdefs.XSLTLoggerAware;1;1;0;3;1;0;2;1;0
ant;1.7;org.apache.tools.ant.taskdefs.cvslib.ChangeLogTask;15;4;0;13;87;69;0;10;2
ant;1.7;org.apache.tools.ant.taskdefs.optional.depend.constantpool.FieldRefCPInfo;7;2;0;4;21;3;2;7;0
ant;1.7;org.apache.tools.ant.taskdefs.cvslib.ChangeLogParser;12;1;0;4;41;0;3;3;1
ant;1.7;org.apache.tools.ant.dispatch.Dispatchable;1;1;0;2;1;0;2;1;0
ant;1.7;org.apache.tools.ant.taskdefs.cvslib.CvsTagDiff;13;4;0;6;72;22;0;8;1
ant;1.7;org.apache.tools.bzip2.CBZip2OutputStream;41;2;0;6;60;402;3;8;6
ant;1.7;org.apache.tools.ant.taskdefs.condition.Os;13;1;0;27;23;68;25;12;1
ant;1.7;org.apache.tools.ant.util.ScriptRunnerHelper;16;1;0;13;31;76;5;13;0
ant;1.7;org.apache.tools.ant.taskdefs.Exit;12;3;0;6;30;30;0;8;0
ant;1.7;org.apache.tools.ant.util.MergingMapper;4;1;0;4;5;0;3;4;0
ant;1.7;org.apache.tools.ant.taskdefs.MacroDef;21;4;0;15;76;152;5;16;1
ant;1.7;org.apache.tools.ant.taskdefs.TempFile;9;3;0;5;18;14;1;8;1
ant;1.7;org.apache.tools.ant.taskdefs.MakeUrl;14;3;0;7;46;27;0;8;0
ant;1.7;org.apache.tools.ant.taskdefs.optional.sos.SOSCmd;0;1;0;1;0;0;1;0;0
ant;1.7;org.apache.tools.ant.taskdefs.condition.IsReachable;7;2;0;3;30;9;0;5;0
ant;1.7;org.apache.tools.ant.taskdefs.DefaultExcludes;6;3;0;4;17;0;0;6;0
ant;1.7;org.apache.tools.ant.filters.StripLineBreaks;7;5;0;4;17;0;1;5;0
ant;1.7;org.apache.tools.ant.taskdefs.Transform;1;5;0;1;2;0;0;1;0
ant;1.7;org.apache.tools.ant.DefaultLogger;18;1;4;14;42;113;7;12;3
ant;1.7;org.apache.tools.ant.util.ClasspathUtils;12;1;0;19;33;66;13;10;0
ant;1.7;org.apache.tools.ant.types.resources.Sort;4;4;1;11;20;0;2;2;2
ant;1.7;org.apache.tools.ant.taskdefs.Copydir;8;4;0;5;39;4;0;7;0
ant;1.7;org.apache.tools.ant.types.PatternSet;22;3;0;14;62;133;10;17;0
ant;1.7;org.apache.tools.ant.types.Environment;4;1;1;8;10;0;6;4;0
ant;1.7;org.apache.tools.ant.helper.ProjectHelperImpl;15;2;0;18;66;77;9;2;0
ant;1.7;org.apache.tools.ant.taskdefs.Expand;16;3;1;18;80;86;1;11;4
ant;1.7;org.apache.tools.ant.types.selectors.BaseSelectorContainer;28;4;5;23;45;348;5;28;1
ant;1.7;org.apache.tools.ant.taskdefs.optional.javah.JavahAdapter;1;1;0;5;1;0;4;1;0
ant;1.7;org.apache.tools.ant.types.selectors.PresentSelector;7;4;0;13;26;0;6;7;0
ant;1.7;org.apache.tools.ant.input.MultipleChoiceInputRequest;3;2;0;3;10;0;2;3;0
ant;1.7;org.apache.tools.ant.taskdefs.EchoXML;4;3;0;6;15;2;0;4;1
ant;1.7;org.apache.tools.mail.MailMessage;31;1;0;5;70;407;2;13;0
ant;1.7;org.apache.tools.ant.taskdefs.optional.depend.constantpool.DoubleCPInfo;3;3;0;2;11;3;1;3;0
ant;1.7;org.apache.tools.ant.taskdefs.condition.Socket;4;2;0;4;13;0;1;4;0
ant;1.7;org.apache.tools.ant.ExitStatusException;4;5;0;5;7;0;3;4;0
ant;1.7;org.apache.tools.ant.Target;28;1;0;34;63;200;29;24;1
ant;1.7;org.apache.tools.ant.types.resources.selectors.Name;6;1;0;3;11;0;0;6;0
ant;1.7;org.apache.tools.ant.taskdefs.condition.Contains;5;1;0;3;9;0;1;5;0
ant;1.7;org.apache.tools.ant.taskdefs.optional.junit.JUnitTaskMirror;3;1;0;7;3;3;2;3;0
ant;1.7;org.apache.tools.ant.ProjectComponent;10;1;28;67;14;35;66;10;0
ant;1.7;org.apache.tools.ant.filters.StripLineComments;8;5;0;5;26;0;1;5;0
ant;1.7;org.apache.tools.ant.taskdefs.optional.dotnet.CSharp;23;6;0;4;42;185;0;15;0
ant;1.7;org.apache.tools.ant.types.ResourceFactory;1;1;0;9;1;0;8;1;0
ant;1.7;org.apache.tools.ant.DynamicConfiguratorNS;0;1;0;3;0;0;1;0;0
ant;1.7;org.apache.tools.ant.types.TimeComparison;8;2;1;8;15;20;5;7;0
ant;1.7;org.apache.tools.ant.taskdefs.optional.vss.MSVSSCREATE;5;4;0;5;21;10;0;4;0
ant;1.7;org.apache.tools.tar.TarBuffer;21;1;0;2;36;38;2;17;1
ant;1.7;org.apache.tools.ant.types.selectors.NotSelector;4;6;0;8;13;6;6;4;0
ant;1.7;org.apache.tools.ant.util.depend.bcel.AncestorAnalyzer;3;2;0;3;31;3;0;1;0
ant;1.7;org.apache.tools.ant.taskdefs.DependSet;14;4;0;25;59;67;3;8;3
ant;1.7;org.apache.tools.ant.taskdefs.optional.dotnet.Ilasm;31;5;0;7;51;381;0;20;0
ant;1.7;org.apache.tools.ant.types.selectors.DependSelector;3;5;0;10;12;1;6;3;0
ant;1.7;org.apache.tools.ant.taskdefs.optional.junit.ArrayEnumeration;3;1;0;1;5;0;1;3;0
ant;1.7;org.apache.tools.ant.types.resources.TarResource;11;5;0;8;49;21;2;9;0
ant;1.7;org.apache.tools.ant.taskdefs.optional.perforce.P4Submit;7;4;0;4;14;15;1;5;0
ant;1.7;org.apache.tools.ant.types.Parameterizable;1;1;0;4;1;0;3;1;0
ant;1.7;org.apache.tools.ant.taskdefs.Copy;45;3;2;25;157;744;4;27;5
ant;1.7;org.apache.tools.ant.util.WeakishReference;3;1;1;1;6;1;1;2;0
ant;1.7;org.apache.tools.ant.taskdefs.CVSPass;6;3;0;3;32;0;0;5;0
ant;1.7;org.apache.tools.ant.types.LogLevel;5;2;2;3;8;8;2;3;0
ant;1.7;org.apache.tools.ant.taskdefs.optional.dotnet.WsdlToDotnet;18;3;0;6;55;79;0;15;0
ant;1.7;org.apache.tools.ant.types.resources.comparators.Size;2;4;0;2;4;1;0;1;0
ant;1.7;org.apache.tools.ant.types.PropertySet;24;3;0;21;96;246;9;20;0
ant;1.7;org.apache.tools.ant.taskdefs.optional.j2ee.ServerDeploy;9;3;0;7;20;12;5;9;0
ant;1.7;org.apache.tools.ant.util.CollectionUtils;7;1;0;5;19;21;2;7;4
ant;1.7;org.apache.tools.ant.Project;120;1;0;365;288;6692;352;103;10
ant;1.7;org.apache.tools.ant.taskdefs.optional.jsp.JspNameMangler;7;1;0;2;24;19;1;3;0
ant;1.7;org.apache.tools.ant.taskdefs.Replace;30;4;0;10;100;271;4;16;3
ant;1.7;org.apache.tools.ant.taskdefs.optional.clearcase.CCMkdir;11;4;0;7;33;37;0;8;0
ant;1.7;org.apache.tools.zip.UnrecognizedExtraField;10;1;0;3;13;31;1;10;1
ant;1.7;org.apache.tools.ant.taskdefs.optional.SchemaValidate;17;4;0;3;58;108;0;9;0
ant;1.7;org.apache.tools.ant.types.Path;34;3;0;112;112;461;101;28;1
ant;1.7;org.apache.tools.ant.taskdefs.optional.clearcase.CCMkelem;22;4;0;7;45;183;0;18;0
ant;1.7;org.apache.tools.ant.types.RegularExpression;8;3;0;10;15;0;6;5;0
ant;1.7;org.apache.tools.ant.types.resources.FailFast;9;1;0;5;24;4;5;3;0
ant;1.7;org.apache.tools.ant.taskdefs.CopyPath;11;3;0;9;38;29;0;9;0
ant;1.7;org.apache.tools.ant.taskdefs.compilers.Jvc;2;2;0;8;26;1;1;2;0
ant;1.7;org.apache.tools.ant.types.resolver.ApacheCatalogResolver;6;2;0;7;31;3;1;5;0
ant;1.7;org.apache.tools.ant.taskdefs.optional.extension.Specification;20;1;0;5;54;138;1;13;0
ant;1.7;org.apache.tools.ant.taskdefs.optional.script.ScriptDefBase;8;3;0;5;25;16;1;7;0
ant;1.7;org.apache.tools.ant.taskdefs.optional.clearcase.CCUpdate;16;4;0;7;38;84;0;14;0
ant;1.7;org.apache.tools.ant.taskdefs.optional.depend.Depend;27;4;0;13;118;265;0;12;2
ant;1.7;org.apache.tools.ant.taskdefs.optional.perforce.P4Base;15;3;15;27;41;57;17;13;0
ant;1.7;org.apache.tools.tar.TarOutputStream;15;3;0;3;39;41;1;14;1
ant;1.7;org.apache.tools.ant.types.resources.Resources;12;3;0;15;47;44;9;6;0
ant;1.7;org.apache.tools.ant.taskdefs.optional.ssh.ScpFromMessage;9;2;1;6;50;24;2;5;1
ant;1.7;org.apache.tools.ant.taskdefs.optional.junit.JUnitResultFormatter;5;1;0;11;5;10;7;5;0
ant;1.7;org.apache.tools.ant.taskdefs.Ear;8;6;0;7;31;16;0;4;1
ant;1.7;org.apache.tools.ant.util.Tokenizer;2;1;0;6;2;1;6;2;0
ant;1.7;org.apache.tools.ant.taskdefs.Rmic;48;4;0;25;112;962;8;44;2
ant;1.7;org.apache.tools.ant.input.DefaultInputHandler;4;1;1;8;26;6;4;2;0
ant;1.7;org.apache.tools.ant.util.RegexpPatternMapper;7;1;0;4;24;0;0;6;1
ant;1.7;org.apache.tools.ant.taskdefs.optional.ccm.CCMCheckinDefault;1;5;0;1;4;0;0;1;0
ant;1.7;org.apache.tools.ant.taskdefs.condition.Condition;1;1;0;36;1;0;35;1;0
ant;1.7;org.apache.tools.ant.taskdefs.optional.unix.Chgrp;4;6;0;4;16;0;0;3;0
ant;1.7;org.apache.tools.mail.MailPrintStream;5;4;0;1;9;10;1;3;0
ant;1.7;org.apache.tools.ant.taskdefs.XSLTLiaison2;1;1;0;3;1;0;2;1;0
ant;1.7;org.apache.tools.ant.taskdefs.XSLTLiaison3;1;1;0;4;1;0;2;1;0
ant;1.7;org.apache.tools.ant.taskdefs.rmic.RmicAdapter;4;1;0;6;4;6;3;4;0
ant;1.7;org.apache.tools.ant.util.java15.ProxyDiagnostics;3;1;0;1;23;1;0;3;0
ant;1.7;org.apache.tools.ant.taskdefs.condition.Xor;2;3;0;3;7;1;0;2;0
ant;1.7;org.apache.tools.ant.util.FlatFileNameMapper;4;1;0;2;7;6;1;4;0
ant;1.7;org.apache.tools.ant.filters.util.JavaClassHelper;3;1;0;4;19;1;0;2;0
ant;1.7;org.apache.tools.ant.taskdefs.optional.ejb.InnerClassFilenameFilter;2;1;0;1;11;0;1;1;0
ant;1.7;org.apache.tools.ant.types.resources.selectors.Compare;8;3;0;11;33;4;0;6;0
ant;1.7;org.apache.tools.ant.taskdefs.optional.depend.constantpool.FloatCPInfo;3;3;0;2;11;3;1;3;0
ant;1.7;org.apache.tools.ant.util.FileNameMapper;3;1;0;38;3;3;38;3;0
ant;1.7;org.apache.tools.ant.taskdefs.optional.perforce.P4Counter;5;4;0;6;17;0;1;5;0
ant;1.7;org.apache.tools.ant.types.resources.ImmutableResourceException;2;4;0;2;4;1;2;2;0
ant;1.7;org.apache.tools.ant.taskdefs.optional.ejb.BorlandGenerateClient;14;3;0;9;52;15;1;10;0
ant;1.7;org.apache.tools.ant.util.optional.NoExitSecurityManager;3;2;0;1;5;3;0;3;0
ant;1.7;org.apache.tools.ant.filters.util.ChainReaderHelper;9;1;0;17;39;10;6;8;1
ant;1.7;org.apache.tools.ant.taskdefs.ManifestException;1;3;0;6;2;0;6;1;0
ant;1.7;org.apache.tools.ant.taskdefs.ExecuteWatchdog;9;1;0;17;23;0;14;8;0
ant;1.7;org.apache.tools.ant.util.TeeOutputStream;6;2;0;4;12;0;4;6;0
ant;1.7;org.apache.tools.ant.taskdefs.optional.perforce.P4Handler;2;1;0;20;2;1;18;2;0
ant;1.7;org.apache.tools.ant.taskdefs.optional.clearcase.CCMkattr;22;4;0;8;46;189;0;16;0
ant;1.7;org.apache.tools.ant.util.regexp.RegexpFactory;4;2;0;7;18;6;1;3;0
ant;1.7;org.apache.tools.ant.taskdefs.optional.extension.LibFileSet;7;5;0;3;8;15;2;4;0
ant;1.7;org.apache.tools.ant.taskdefs.optional.extension.Compatibility;2;1;0;2;3;0;2;1;0
ant;1.7;org.apache.tools.ant.types.resources.StringResource;17;4;0;8;41;104;3;14;0
ant;1.7;org.apache.tools.ant.filters.TokenFilter;19;4;0;19;41;23;5;19;0
ant;1.7;org.apache.tools.ant.util.OutputStreamFunneler;12;1;0;2;21;42;2;4;0
ant;1.7;org.apache.tools.ant.taskdefs.SubAnt;31;3;0;15;109;365;0;27;1
ant;1.7;org.apache.tools.ant.types.optional.depend.DependScanner;15;2;0;6;43;95;1;15;0
ant;1.7;org.apache.tools.ant.launch.AntMain;1;1;0;2;1;0;2;1;0
ant;1.7;org.apache.tools.ant.taskdefs.Ant;28;3;0;18;132;130;3;19;3
ant;1.7;org.apache.tools.ant.util.ReflectWrapper;6;1;0;3;14;0;2;6;0
ant;1.7;org.apache.tools.ant.types.selectors.SelectorScanner;3;1;0;3;3;3;2;3;0
ant;1.7;org.apache.tools.ant.util.DateUtils;11;1;0;4;36;51;4;8;1
ant;1.7;org.apache.tools.ant.types.FilterChain;25;3;1;35;39;0;9;25;0
ant;1.7;org.apache.tools.ant.launch.LaunchException;1;3;0;1;2;0;1;1;0
ant;1.7;org.apache.tools.ant.taskdefs.optional.native2ascii.Native2AsciiAdapter;1;1;0;4;1;0;3;1;0
ant;1.7;org.apache.tools.ant.input.GreedyInputHandler;2;2;0;6;20;1;1;2;0
ant;1.7;org.apache.tools.ant.types.optional.ScriptMapper;7;3;0;3;16;13;0;6;0
ant;1.7;org.apache.tools.ant.types.resolver.ApacheCatalog;4;2;0;6;14;0;1;3;0
ant;1.7;org.apache.tools.ant.taskdefs.StreamPumper;10;1;0;5;18;21;5;8;1
ant;1.7;org.apache.tools.ant.taskdefs.optional.perforce.P4Edit;3;4;0;4;10;0;0;3;0
ant;1.7;org.apache.tools.ant.taskdefs.optional.vss.MSVSSCHECKIN;7;4;0;6;28;21;0;6;0
ant;1.7;org.apache.tools.ant.DynamicElementNS;1;1;0;4;1;0;3;1;0
ant;1.7;org.apache.tools.ant.taskdefs.JDBCTask;26;3;1;8;60;225;1;20;1
ant;1.7;org.apache.tools.ant.taskdefs.email.EmailTask;32;3;2;16;97;362;2;32;4
ant;1.7;org.apache.tools.ant.taskdefs.Execute;33;1;0;70;121;440;54;25;0
ant;1.7;org.apache.tools.ant.taskdefs.optional.XMLValidateTask;29;3;1;18;96;294;2;16;0
ant;1.7;org.apache.tools.ant.types.optional.depend.ClassfileSet;7;5;0;6;31;0;0;6;0
ant;1.7;org.apache.tools.ant.util.KeepAliveOutputStream;2;3;0;2;3;1;2;2;0
ant;1.7;org.apache.tools.ant.taskdefs.optional.jlink.JlinkTask;11;4;0;6;35;9;0;8;0
ant;1.7;org.apache.tools.ant.XmlLogger;16;1;0;12;75;50;0;12;1
ant;1.7;org.apache.tools.ant.taskdefs.optional.junit.XMLConstants;0;1;0;2;0;0;2;0;0
ant;1.7;org.apache.tools.ant.filters.StringInputStream;2;3;0;1;5;1;0;2;0
ant;1.7;org.apache.tools.ant.taskdefs.rmic.DefaultRmicAdapter;15;1;4;12;53;71;5;5;3
ant;1.7;org.apache.tools.ant.taskdefs.Dirname;4;3;0;4;10;2;0;4;0
ant;1.7;org.apache.tools.ant.taskdefs.optional.perforce.P4Fstat;9;4;0;7;37;10;1;6;0
ant;1.7;org.apache.tools.ant.taskdefs.optional.vss.MSVSSCHECKOUT;11;4;0;8;38;55;0;10;0
ant;1.7;org.apache.tools.ant.taskdefs.optional.extension.LibraryDisplayer;6;1;0;5;26;15;1;0;0
ant;1.7;org.apache.tools.ant.types.TarScanner;2;3;0;7;17;1;1;1;0
ant;1.7;org.apache.tools.ant.filters.ConcatFilter;9;5;0;4;28;12;0;8;0
ant;1.7;org.apache.tools.ant.taskdefs.ImportTask;5;3;0;7;31;4;0;4;0
ant;1.7;org.apache.tools.ant.taskdefs.optional.perforce.P4Resolve;13;4;0;4;22;56;0;12;0
ant;1.7;org.apache.tools.ant.taskdefs.SendEmail;2;4;0;1;5;1;0;2;0
ant;1.7;org.apache.tools.ant.taskdefs.Delete;46;4;0;39;135;17;2;40;5
ant;1.7;org.apache.tools.ant.util.StringTokenizer;8;2;1;4;18;2;1;7;0
ant;1.7;org.apache.tools.ant.taskdefs.Input;8;3;0;8;32;0;1;8;0
ant;1.7;org.apache.tools.ant.taskdefs.optional.sos.SOS;38;3;4;16;68;601;4;13;0
ant;1.7;org.apache.tools.ant.taskdefs.optional.dotnet.DotnetDefine;7;1;0;5;12;11;1;7;0
ant;1.7;org.apache.tools.ant.taskdefs.optional.ccm.CCMCheckin;1;5;0;1;8;0;0;1;0
ant;1.7;org.apache.tools.ant.SubBuildListener;2;1;0;6;2;1;4;2;0
ant;1.7;org.apache.tools.ant.taskdefs.XmlProperty;34;3;0;9;106;435;0;15;1
ant;1.7;org.apache.tools.ant.types.resources.GZipResource;5;5;0;2;9;10;0;2;0
ant;1.7;org.apache.tools.ant.Main;23;1;0;17;126;161;2;5;4
ant;1.7;org.apache.tools.ant.filters.LineContainsRegExp;10;5;0;7;32;0;1;7;0
ant;1.7;org.apache.tools.ant.taskdefs.optional.junit.JUnitTask;63;3;0;36;267;1715;4;36;5
ant;1.7;org.apache.tools.ant.types.FileSet;6;4;5;64;17;15;59;5;0
ant;1.7;org.apache.tools.ant.taskdefs.condition.ResourcesMatch;4;1;0;6;18;0;0;4;0
ant;1.7;org.apache.tools.ant.taskdefs.ConditionTask;5;3;0;4;18;0;0;5;0
ant;1.7;org.apache.tools.ant.taskdefs.Java;60;3;0;35;178;1304;10;43;2
ant;1.7;org.apache.tools.ant.util.depend.DependencyAnalyzer;10;1;0;5;10;45;4;10;0
ant;1.7;org.apache.tools.ant.taskdefs.optional.sos.SOSCheckout;4;4;0;3;14;6;0;3;0
ant;1.7;org.apache.tools.ant.types.optional.ScriptCondition;4;3;0;3;7;0;0;4;0
ant;1.7;org.apache.tools.ant.util.FileTokenizer;3;2;1;4;5;3;1;3;0
ant;1.7;org.apache.tools.ant.taskdefs.Copyfile;6;3;0;4;24;1;0;6;0
ant;1.7;org.apache.tools.ant.taskdefs.optional.ssh.ScpFromMessageBySftp;5;3;0;9;44;8;1;3;1
ant;1.7;org.apache.tools.ant.TaskAdapter;6;3;0;7;28;9;2;6;0
ant;1.7;org.apache.tools.ant.taskdefs.AntStructure;8;3;0;6;36;18;1;4;0
ant;1.7;org.apache.tools.ant.taskdefs.cvslib.CVSEntry;9;1;0;4;19;14;3;9;0
ant;1.7;org.apache.tools.ant.NoBannerLogger;4;2;0;4;17;0;0;4;1
ant;1.7;org.apache.tools.ant.taskdefs.Antlib;7;3;0;10;46;9;1;4;1
ant;1.7;org.apache.tools.ant.types.resources.selectors.InstanceOf;9;1;0;7;21;16;0;9;0
ant;1.7;org.apache.tools.ant.taskdefs.optional.jsp.WLJspc;9;4;0;9;61;14;0;7;0
ant;1.7;org.apache.tools.ant.MagicNames;1;1;0;0;2;0;0;0;2
ant;1.7;org.apache.tools.ant.types.RedirectorElement;28;3;0;13;85;248;5;24;0
ant;1.7;org.apache.tools.ant.taskdefs.compilers.Kjc;3;2;0;10;23;3;1;2;0
ant;1.7;org.apache.tools.ant.types.resources.selectors.None;3;4;0;3;9;3;0;3;0
ant;1.7;org.apache.tools.ant.taskdefs.Classloader;10;3;0;6;38;9;0;10;3
ant;1.7;org.apache.tools.ant.taskdefs.optional.ejb.WeblogicTOPLinkDeploymentTool;6;3;0;5;22;7;1;4;0
ant;1.7;org.apache.tools.ant.DynamicConfigurator;0;1;0;4;0;0;2;0;0
ant;1.7;org.apache.tools.ant.taskdefs.optional.j2ee.JonasHotDeploymentTool;9;3;0;8;38;14;1;7;0
ant;1.7;org.apache.tools.ant.taskdefs.optional.clearcase.CCUnCheckout;5;4;0;7;27;4;0;4;0
ant;1.7;org.apache.tools.ant.taskdefs.optional.vss.MSVSSHISTORY;12;4;0;6;45;66;0;11;0
ant;1.7;org.apache.tools.ant.DynamicAttributeNS;1;1;0;3;1;0;2;1;0
ant;1.7;org.apache.tools.ant.taskdefs.Tar;22;4;0;25;172;151;1;10;4
ant;1.7;org.apache.tools.ant.taskdefs.rmic.WLRmic;4;2;0;9;22;6;1;4;2
ant;1.7;org.apache.tools.ant.taskdefs.SignJar;20;4;0;9;56;150;0;15;2
ant;1.7;org.apache.tools.ant.taskdefs.Definer;25;5;1;14;91;196;3;16;1
ant;1.7;org.apache.tools.ant.taskdefs.optional.extension.JarLibResolveTask;13;3;0;10;36;20;0;9;0
ant;1.7;org.apache.tools.ant.taskdefs.compilers.AptExternalCompilerAdapter;3;2;0;6;15;3;0;2;0
ant;1.7;org.apache.tools.ant.taskdefs.optional.jsp.compilers.DefaultJspCompilerAdapter;10;1;1;6;26;41;1;5;0
ant;1.7;org.apache.tools.ant.types.ResourceLocation;7;1;1;6;8;3;6;7;0
ant;1.7;org.apache.tools.ant.types.selectors.modifiedselector.ModifiedSelector;40;5;0;30;121;622;6;36;2
ant;1.7;org.apache.tools.ant.taskdefs.optional.depend.AntAnalyzer;3;2;0;3;36;3;1;1;1
ant;1.7;org.apache.tools.ant.taskdefs.condition.ConditionBase;25;2;7;27;38;0;8;21;0
ant;1.7;org.apache.tools.ant.taskdefs.optional.perforce.P4Integrate;26;4;0;4;34;203;0;26;0
ant;1.7;org.apache.tools.ant.util.ReflectUtil;6;1;0;4;15;15;3;5;1
ant;1.7;org.apache.tools.ant.taskdefs.optional.ccm.CCMCreateTask;20;4;0;7;52;154;0;19;0
ant;1.7;org.apache.tools.ant.taskdefs.Get;11;3;0;9;54;15;1;10;3
ant;1.7;org.apache.tools.ant.util.RetryHandler;2;1;0;2;9;0;0;2;0
ant;1.7;org.apache.tools.ant.types.mappers.FilterMapper;4;4;0;7;19;6;0;4;0
ant;1.7;org.apache.tools.zip.ZipFile;17;1;0;13;73;82;8;10;7
ant;1.7;org.apache.tools.ant.taskdefs.compilers.CompilerAdapterFactory;4;1;0;14;27;4;1;1;0
ant;1.7;org.apache.tools.ant.util.LazyHashtable;9;3;0;0;16;34;0;8;0
ant;1.7;org.apache.tools.ant.types.selectors.DateSelector;14;5;0;12;41;29;6;13;0
ant;1.7;org.apache.tools.ant.taskdefs.optional.script.ScriptDef;14;5;0;14;69;25;1;14;0
ant;1.7;org.apache.tools.ant.taskdefs.condition.IsFileSelected;6;4;0;7;16;9;1;5;0
ant;1.7;org.apache.tools.ant.taskdefs.ExecuteOn;31;4;4;29;104;347;4;20;2
ant;1.7;org.apache.tools.ant.taskdefs.PathConvert;21;3;0;12;61;144;1;15;0
ant;1.7;org.apache.tools.tar.TarEntry;35;1;0;8;73;353;6;34;1
ant;1.7;org.apache.tools.ant.taskdefs.optional.jsp.Jasper41Mangler;4;1;0;2;17;6;1;3;0
ant;1.7;org.apache.tools.ant.types.resources.selectors.Not;4;1;0;5;7;4;3;4;0
ant;1.7;org.apache.tools.ant.taskdefs.optional.depend.constantpool.MethodRefCPInfo;7;2;0;4;21;3;2;7;0
ant;1.7;org.apache.tools.ant.taskdefs.Echo;8;3;0;6;27;0;0;8;0
ant;1.7;org.apache.tools.ant.util.DOMUtils;7;1;0;3;15;21;2;7;0
ant;1.7;org.apache.tools.ant.helper.DefaultExecutor;4;1;0;4;8;4;0;3;0
ant;1.7;org.apache.tools.ant.taskdefs.optional.extension.Compatability;2;1;0;0;3;0;0;1;0
ant;1.7;org.apache.tools.ant.util.Watchdog;7;1;0;3;22;0;3;6;1
ant;1.7;org.apache.tools.ant.taskdefs.optional.vss.MSVSSGET;12;4;0;8;41;66;0;11;0
ant;1.7;org.apache.tools.ant.taskdefs.DiagnosticsTask;3;3;0;3;5;1;0;2;0
ant;1.7;org.apache.tools.ant.taskdefs.optional.extension.DeweyDecimal;2;2;0;5;4;1;4;2;0
ant;1.7;org.apache.tools.ant.taskdefs.condition.And;2;3;0;3;7;1;1;2;0
ant;1.7;org.apache.tools.ant.types.Commandline;31;1;0;81;71;311;78;27;2
ant;1.7;org.apache.tools.ant.UnsupportedElementException;2;5;0;3;3;0;2;2;0
ant;1.7;org.apache.tools.ant.taskdefs.optional.ccm.CCMReconfigure;9;4;0;6;25;18;0;8;0
ant;1.7;org.apache.tools.ant.Executor;2;1;0;4;2;1;3;2;0
ant;1.7;org.apache.tools.ant.taskdefs.Recorder;20;3;0;9;46;160;0;17;2
ant;1.7;org.apache.tools.ant.types.selectors.AbstractSelectorContainer;27;3;2;25;41;321;2;27;1
ant;1.7;org.apache.tools.ant.types.resources.Tokens;5;4;0;10;27;2;0;3;0
ant;1.7;org.apache.tools.ant.taskdefs.compilers.Javac13;2;2;0;6;13;1;1;2;0
ant;1.7;org.apache.tools.ant.taskdefs.compilers.Javac12;2;2;0;10;22;1;1;2;0
ant;1.7;org.apache.tools.ant.taskdefs.optional.perforce.P4Revert;4;4;0;4;13;0;0;4;0
ant;1.7;org.apache.tools.ant.filters.HeadFilter;10;5;0;5;25;0;1;6;0
ant;1.7;org.apache.tools.ant.taskdefs.optional.junit.JUnitTestRunner;39;1;0;25;150;625;8;24;6
ant;1.7;org.apache.tools.ant.dispatch.DispatchTask;4;3;1;3;5;4;1;4;0
ant;1.7;org.apache.tools.ant.types.resources.PropertyResource;10;4;0;6;32;41;1;9;0
ant;1.7;org.apache.tools.ant.taskdefs.Jar;31;5;2;24;152;349;2;13;6
ant;1.7;org.apache.tools.ant.taskdefs.optional.jsp.JspC;42;4;0;15;92;753;3;36;0
ant;1.7;org.apache.tools.zip.ZipLong;10;1;0;3;11;15;3;10;1
ant;1.7;org.apache.tools.ant.util.depend.AbstractAnalyzer;16;1;3;6;40;80;3;10;0
ant;1.7;org.apache.tools.ant.util.ReaderInputStream;9;2;1;2;23;0;2;9;0
ant;1.7;org.apache.tools.ant.types.selectors.ContainsSelector;9;5;0;15;34;4;6;9;0
ant;1.7;org.apache.tools.ant.taskdefs.GenerateKey;14;3;0;6;34;65;0;14;0
ant;1.7;org.apache.tools.ant.types.resources.BaseResourceCollectionContainer;15;3;3;10;47;39;4;11;1
ant;1.7;org.apache.tools.ant.taskdefs.Typedef;1;6;1;3;2;0;2;1;0
ant;1.7;org.apache.tools.ant.helper.SingleCheckExecutor;3;1;0;4;7;3;1;3;0
ant;1.7;org.apache.tools.ant.types.Resource;29;3;7;89;59;328;85;27;0
ant;1.7;org.apache.tools.ant.taskdefs.optional.perforce.P4Add;6;4;0;7;29;0;0;5;0
ant;1.7;org.apache.tools.ant.taskdefs.optional.PropertyFile;10;3;0;5;41;21;0;5;0
ant;1.7;org.apache.tools.ant.types.Description;5;3;0;8;26;10;1;3;0
ant;1.7;org.apache.tools.ant.types.FlexInteger;3;1;0;0;7;0;0;3;0
ant;1.7;org.apache.tools.ant.taskdefs.Filter;6;3;0;5;17;5;0;5;0
ant;1.7;org.apache.tools.ant.taskdefs.AbstractCvsTask;42;3;4;19;107;739;4;33;1
ant;1.7;org.apache.tools.ant.taskdefs.optional.extension.ExtensionUtil;7;1;0;12;46;21;4;0;0
ant;1.7;org.apache.tools.ant.taskdefs.optional.unix.Chown;4;6;0;4;16;0;0;3;0
ant;1.7;org.apache.tools.ant.BuildException;15;4;3;499;30;0;498;15;0
ant;1.7;org.apache.tools.ant.taskdefs.Sync;18;3;0;12;80;61;1;12;4
ant;1.7;org.apache.tools.ant.taskdefs.optional.depend.ClassFileUtils;3;1;0;2;5;3;2;3;0
ant;1.7;org.apache.tools.ant.types.EnumeratedAttribute;9;1;59;62;22;28;61;8;0
ant;1.7;org.apache.tools.ant.taskdefs.optional.jsp.compilers.JasperC;6;2;0;15;56;13;1;3;0
ant;1.7;org.apache.tools.ant.taskdefs.optional.ejb.IPlanetEjbcTask;14;3;0;7;43;57;0;10;0
ant;1.7;org.apache.tools.ant.taskdefs.optional.javacc.JavaCC;34;3;0;12;86;0;2;27;0
ant;1.7;org.apache.tools.ant.util.ConcatResourceInputStream;10;2;0;6;26;9;2;7;0
ant;1.7;org.apache.tools.ant.types.selectors.modifiedselector.EqualComparator;3;1;0;1;5;3;1;3;0
ant;1.7;org.apache.tools.ant.taskdefs.condition.IsFalse;3;2;0;4;6;0;1;3;0
ant;1.7;org.apache.tools.ant.taskdefs.RecorderEntry;25;1;0;10;53;224;1;17;1
ant;1.7;org.apache.tools.ant.dispatch.DispatchUtils;2;1;0;6;23;1;3;2;0
ant;1.7;org.apache.tools.ant.util.regexp.Regexp;1;1;0;13;1;0;11;1;0
ant;1.7;org.apache.tools.ant.taskdefs.optional.sos.SOSLabel;5;4;0;5;18;10;0;4;0
ant;1.7;org.apache.tools.ant.taskdefs.Manifest;16;1;0;8;76;0;3;16;1
ant;1.7;org.apache.tools.ant.types.resources.selectors.Exists;2;1;0;6;4;1;4;2;0
ant;1.7;org.apache.tools.ant.taskdefs.optional.ejb.EjbJar;28;4;0;20;78;142;1;26;0
ant;1.7;org.apache.tools.ant.taskdefs.optional.jdepend.JDependTask;31;3;0;19;107;391;0;28;0
ant;1.7;org.apache.tools.bzip2.CBZip2InputStream;27;2;0;6;46;53;3;4;1
ant;1.7;org.apache.tools.ant.taskdefs.compilers.JavacExternal;3;2;0;8;24;3;1;2;0
ant;1.7;org.apache.tools.ant.taskdefs.optional.ANTLR;25;3;0;18;91;218;0;18;0
ant;1.7;org.apache.tools.ant.taskdefs.optional.ejb.BorlandDeploymentTool;25;2;0;18;117;230;2;14;2
ant;1.7;org.apache.tools.ant.listener.MailLogger;7;2;0;11;74;15;0;2;4
ant;1.7;org.apache.tools.ant.taskdefs.optional.clearcase.CCMklabel;21;4;0;7;45;168;0;16;0
ant;1.7;org.apache.tools.ant.util.UUEncoder;6;1;0;1;16;11;1;2;0
ant;1.7;org.apache.tools.ant.taskdefs.ExecuteJava;13;1;0;24;82;22;5;13;0
ant;1.7;org.apache.tools.ant.taskdefs.condition.ParserSupports;8;2;0;5;19;8;0;7;0
ant;1.7;org.apache.tools.ant.taskdefs.optional.jlink.ConstantPool;1;1;0;1;13;0;1;0;0
ant;1.7;org.apache.tools.ant.taskdefs.optional.sos.SOSCheckin;5;4;0;3;17;10;0;4;0
ant;1.7;org.apache.tools.ant.types.selectors.modifiedselector.Algorithm;2;1;0;4;2;1;4;2;0
ant;1.7;org.apache.tools.ant.util.depend.bcel.DependencyVisitor;12;2;0;8;41;48;1;9;0
ant;1.7;org.apache.tools.ant.taskdefs.KeySubst;8;3;0;2;40;10;0;8;0
ant;1.7;org.apache.tools.ant.types.FilterSet;26;3;0;12;85;217;7;19;2
ant;1.7;org.apache.tools.ant.taskdefs.optional.depend.constantpool.NameAndTypeCPInfo;6;2;0;6;16;1;5;6;0
ant;1.7;org.apache.tools.ant.types.selectors.modifiedselector.ChecksumAlgorithm;6;1;0;3;25;0;1;6;0
ant;1.7;org.apache.tools.ant.taskdefs.XSLTLogger;1;1;0;3;1;0;3;1;0
ant;1.7;org.apache.tools.ant.input.PropertyFileInputHandler;3;1;0;4;19;0;1;2;0
ant;1.7;org.apache.tools.ant.types.DTDLocation;1;2;1;3;2;0;2;1;0
ant;1.7;org.apache.tools.ant.taskdefs.optional.perforce.P4Sync;4;4;0;4;14;0;0;4;0
ant;1.7;org.apache.tools.ant.taskdefs.Deltree;4;3;0;3;18;4;0;3;0
ant;1.7;org.apache.tools.ant.taskdefs.rmic.KaffeRmic;5;2;0;9;25;4;1;3;0
ant;1.7;org.apache.tools.ant.input.InputRequest;7;1;1;6;9;15;6;7;0
ant;1.7;org.apache.tools.ant.UnsupportedAttributeException;2;5;0;4;3;0;3;2;0
ant;1.7;org.apache.tools.ant.taskdefs.Touch;20;3;0;18;70;136;1;13;2
ant;1.7;org.apache.tools.ant.types.selectors.SignedSelector;3;3;0;4;11;0;0;3;0
ant;1.7;org.apache.tools.ant.filters.PrefixLines;7;5;0;4;23;0;1;5;0
ant;1.7;org.apache.tools.ant.taskdefs.optional.splash.SplashTask;11;3;0;6;53;23;0;9;1
ant;1.7;org.apache.tools.ant.taskdefs.Patch;11;3;0;10;39;0;0;11;0
ant;1.7;org.apache.tools.ant.types.optional.ScriptSelector;17;4;0;8;32;16;0;16;0
ant;1.7;org.apache.tools.ant.taskdefs.email.EmailAddress;8;1;0;5;16;6;5;7;0
ant;1.7;org.apache.tools.ant.types.XMLCatalog;28;3;0;17;105;344;7;13;0
ant;1.7;org.apache.tools.ant.taskdefs.optional.native2ascii.Native2AsciiAdapterFactory;4;1;0;8;14;6;1;3;0
ant;1.7;org.apache.tools.bzip2.CRC;8;1;0;2;9;0;2;0;0
ant;1.7;org.apache.tools.ant.taskdefs.compilers.AptCompilerAdapter;5;2;0;10;34;10;1;2;0
ant;1.7;org.apache.tools.ant.taskdefs.GZip;3;4;0;5;20;3;0;1;0
ant;1.7;org.apache.tools.ant.taskdefs.cvslib.CvsTagEntry;7;1;0;1;11;7;1;7;0
ant;1.7;org.apache.tools.ant.util.ContainerMapper;8;1;2;4;17;16;3;7;0
ant;1.7;org.apache.tools.ant.util.XMLFragment;7;2;1;6;21;0;2;4;0
ant;1.7;org.apache.tools.ant.taskdefs.optional.junit.SummaryJUnitResultFormatter;12;1;1;8;31;46;2;12;0
ant;1.7;org.apache.tools.ant.taskdefs.Redirector;42;1;0;24;109;653;6;30;2
ant;1.7;org.apache.tools.zip.ZipShort;10;1;0;8;11;15;8;10;1
ant;1.7;org.apache.tools.ant.types.resources.FileResourceIterator;8;1;0;9;13;12;8;8;0
ant;1.7;org.apache.tools.ant.TaskContainer;1;1;0;14;1;0;13;1;0
ant;1.7;org.apache.tools.ant.types.selectors.AndSelector;3;5;0;7;14;3;6;3;0
ant;1.7;org.apache.tools.ant.util.regexp.JakartaOroRegexp;3;2;0;10;16;3;0;2;0
ant;1.7;org.apache.tools.ant.taskdefs.compilers.CompilerAdapter;2;1;0;4;2;1;3;2;0
ant;1.7;org.apache.tools.ant.taskdefs.optional.dotnet.DotnetCompile;64;5;3;15;111;1836;3;38;0
ant;1.7;org.apache.tools.ant.taskdefs.optional.junit.PlainJUnitResultFormatter;12;1;0;9;46;34;0;11;0
ant;1.7;org.apache.tools.ant.taskdefs.Sequential;3;3;0;3;10;0;0;3;0
ant;1.7;org.apache.tools.ant.types.AbstractFileSet;59;3;3;38;121;1145;9;57;3
ant;1.7;org.apache.tools.ant.taskdefs.optional.depend.constantpool.InterfaceMethodRefCPInfo;7;2;0;4;21;3;2;7;0
ant;1.7;org.apache.tools.ant.FileScanner;14;1;0;5;14;91;5;14;0
ant;1.7;org.apache.tools.ant.taskdefs.optional.ejb.EJBDeploymentTool;4;1;0;5;4;6;2;4;0
ant;1.7;org.apache.tools.ant.taskdefs.optional.extension.JarLibManifestTask;13;3;0;7;52;48;0;7;0
ant;1.7;org.apache.tools.ant.taskdefs.optional.extension.Extension;23;1;0;15;56;191;11;16;0
ant;1.7;org.apache.tools.ant.util.IdentityMapper;4;1;0;8;5;6;7;4;0
ant;1.7;org.apache.tools.ant.util.JAXPUtils;13;1;0;12;32;70;10;9;0
ant;1.7;org.apache.tools.ant.util.UnPackageNameMapper;2;2;0;1;6;1;0;1;0
ant;1.7;org.apache.tools.ant.taskdefs.MatchingTask;42;3;21;47;98;0;21;40;0
ant;1.7;org.apache.tools.ant.taskdefs.optional.ejb.GenericDeploymentTool;33;1;6;22;135;316;7;10;0
ant;1.7;org.apache.tools.ant.taskdefs.rmic.SunRmic;2;2;0;8;21;1;1;2;2
ant;1.7;org.apache.tools.ant.types.resources.Union;8;4;0;16;25;28;13;5;0
ant;1.7;org.apache.tools.ant.Diagnostics;30;1;0;10;104;429;2;5;3
ant;1.7;org.apache.tools.ant.util.LineOrientedOutputStream;7;2;2;2;15;0;2;5;0
ant;1.7;org.apache.tools.ant.taskdefs.optional.splash.SplashScreen;12;5;0;3;39;58;1;11;1
ant;1.7;org.apache.tools.ant.types.optional.ScriptFilter;13;3;0;8;26;0;0;12;1
ant;1.7;org.apache.tools.ant.taskdefs.optional.jsp.compilers.JspCompilerAdapterFactory;4;1;0;11;18;6;1;2;0
ant;1.7;org.apache.tools.ant.taskdefs.LoadResource;8;3;1;10;45;2;1;8;1
ant;1.7;org.apache.tools.ant.taskdefs.optional.extension.ExtensionAdapter;12;3;0;11;28;36;5;10;0
ant;1.7;org.apache.tools.ant.taskdefs.optional.depend.constantpool.ClassCPInfo;5;2;0;7;14;0;6;5;0
ant;1.7;org.apache.tools.ant.util.regexp.JakartaOroMatcher;9;1;1;8;21;22;1;7;0
ant;1.7;org.apache.tools.ant.types.spi.Provider;4;2;0;4;8;0;1;4;0
ant;1.7;org.apache.tools.ant.taskdefs.optional.perforce.P4Have;2;4;0;4;8;1;0;2;0
ant;1.7;org.apache.tools.ant.taskdefs.optional.Native2Ascii;16;4;0;19;56;60;5;14;0
ant;1.7;org.apache.tools.ant.taskdefs.optional.j2ee.AbstractHotDeploymentTool;15;1;2;7;24;77;2;13;0
ant;1.7;org.apache.tools.ant.types.resources.comparators.Date;2;4;0;3;4;1;1;1;1
ant;1.7;org.apache.tools.ant.Location;11;1;0;150;26;41;149;9;0
ant;1.7;org.apache.tools.ant.types.ZipFileSet;9;6;0;12;28;6;4;4;0
ant;1.7;org.apache.tools.ant.taskdefs.GUnzip;4;4;0;5;26;6;0;1;0
ant;1.7;org.apache.tools.ant.util.LeadPipeInputStream;9;3;0;3;20;34;1;9;0
ant;1.7;org.apache.tools.ant.helper.AntXMLContext;28;1;0;11;52;282;7;28;0
ant;1.7;org.apache.tools.ant.util.regexp.JakartaRegexpMatcher;10;1;1;6;20;39;1;7;0
ant;1.7;org.apache.tools.ant.util.regexp.JakartaRegexpRegexp;3;2;0;5;16;3;0;2;0
ant;1.7;org.apache.tools.ant.taskdefs.optional.pvcs.Pvcs;36;3;0;12;111;528;0;32;0
ant;1.7;org.apache.tools.tar.TarInputStream;15;3;0;5;42;69;3;15;1
ant;1.7;org.apache.tools.ant.types.selectors.NoneSelector;3;5;1;9;14;3;8;3;0
ant;1.7;org.apache.tools.ant.types.selectors.FileSelector;1;1;0;22;1;0;21;1;0
ant;1.7;org.apache.tools.ant.taskdefs.condition.Or;2;3;0;3;7;1;1;2;0
ant;1.7;org.apache.tools.ant.taskdefs.Chmod;18;5;0;11;60;39;0;16;1
ant;1.7;org.apache.tools.ant.types.selectors.ContainsRegexpSelector;7;5;0;15;32;1;6;7;0
ant;1.7;org.apache.tools.ant.types.resources.BZip2Resource;6;5;0;4;13;9;0;2;0
ant;1.7;org.apache.tools.ant.taskdefs.optional.ssh.ScpToMessageBySftp;13;3;0;9;41;48;1;7;0
ant;1.7;org.apache.tools.ant.types.Assertions;13;3;0;11;40;0;3;10;0
ant;1.7;org.apache.tools.ant.taskdefs.condition.IsReference;4;2;0;6;14;2;1;4;1
ant;1.7;org.apache.tools.ant.helper.ProjectHelper2;17;2;0;17;85;74;7;4;1
ant;1.7;org.apache.tools.ant.taskdefs.optional.junit.AggregateTransformer;14;1;0;16;86;41;3;8;0
ant;1.7;org.apache.tools.ant.util.depend.bcel.FullAnalyzer;3;2;0;6;32;3;0;1;0
ant;1.7;org.apache.tools.ant.taskdefs.optional.ssh.LogListener;1;1;0;4;1;0;4;1;0
ant;1.7;org.apache.tools.ant.taskdefs.ProcessDestroyer;7;1;0;2;36;0;2;5;0
ant;1.7;org.apache.tools.ant.types.resources.comparators.Name;2;4;0;2;5;1;0;1;0
ant;1.7;org.apache.tools.ant.filters.EscapeUnicode;5;5;0;3;19;4;1;4;0
ant;1.7;org.apache.tools.ant.taskdefs.optional.native2ascii.DefaultNative2Ascii;5;1;2;8;13;10;2;2;0
ant;1.7;org.apache.tools.ant.util.regexp.RegexpUtil;3;1;0;6;4;3;6;3;0
ant;1.7;org.apache.tools.ant.taskdefs.PumpStreamHandler;16;1;3;14;26;82;12;9;1
ant;1.7;org.apache.tools.ant.taskdefs.Parallel;18;3;0;8;52;101;2;9;1
ant;1.7;org.apache.tools.ant.util.PropertyOutputStream;3;3;0;3;8;1;2;3;0
ant;1.7;org.apache.tools.ant.taskdefs.email.PlainMailer;3;2;1;8;43;3;2;1;1
ant;1.7;org.apache.tools.ant.taskdefs.optional.extension.resolvers.AntResolver;7;1;0;6;25;1;1;6;0
ant;1.7;org.apache.tools.ant.taskdefs.compilers.DefaultCompilerAdapter;25;1;10;26;103;134;10;3;2
ant;1.7;org.apache.tools.ant.taskdefs.optional.ssh.SSHBase;18;3;2;10;43;61;2;16;0
ant;1.7;org.apache.tools.ant.taskdefs.optional.dotnet.DotnetResource;16;1;0;9;39;82;4;14;0
ant;1.7;org.apache.tools.ant.taskdefs.optional.depend.constantpool.LongCPInfo;3;3;0;2;11;3;1;3;0
ant;1.7;org.apache.tools.ant.taskdefs.BZip2;3;4;0;6;22;3;0;1;0
ant;1.7;org.apache.tools.ant.taskdefs.Property;35;3;0;13;93;519;4;25;1
ant;1.7;org.apache.tools.ant.taskdefs.optional.depend.constantpool.StringCPInfo;4;3;0;4;16;0;1;4;0
ant;1.7;org.apache.tools.ant.taskdefs.cvslib.RedirectingOutputStream;2;3;0;3;4;0;1;1;0
ant;1.7;org.apache.tools.ant.filters.BaseFilterReader;10;3;6;9;20;21;7;5;0
ant;1.7;org.apache.tools.ant.types.DirSet;7;4;0;9;22;21;4;6;0
ant;1.7;org.apache.tools.ant.taskdefs.optional.native2ascii.SunNative2Ascii;3;2;0;7;18;3;1;1;0
ant;1.7;org.apache.tools.ant.taskdefs.PreSetDef;4;4;0;10;20;2;0;4;0
ant;1.7;org.apache.tools.ant.taskdefs.optional.javah.JavahAdapterFactory;4;1;0;8;14;6;1;3;0
ant;1.7;org.apache.tools.ant.types.optional.AbstractScriptComponent;12;2;2;8;25;0;2;10;1
ant;1.7;org.apache.tools.ant.taskdefs.optional.ejb.WeblogicDeploymentTool;32;2;1;16;140;400;3;23;1
ant;1.7;org.apache.tools.ant.types.resources.comparators.DelegatedResourceComparator;6;4;0;7;27;0;2;4;0
ant;1.7;org.apache.tools.ant.util.DeweyDecimal;10;1;1;4;23;0;4;10;0
ant;1.7;org.apache.tools.ant.filters.ChainableReader;1;1;0;23;1;0;23;1;0
ant;1.7;org.apache.tools.ant.types.resources.URLResource;23;4;0;6;64;213;2;18;0
ant;1.7;org.apache.tools.ant.taskdefs.Untar;6;4;0;9;32;9;0;3;2
ant;1.7;org.apache.tools.ant.listener.CommonsLoggingListener;14;1;0;10;45;3;0;12;0
ant;1.7;org.apache.tools.ant.ComponentHelper;39;1;0;26;154;449;13;26;0
ant;1.7;org.apache.tools.ant.RuntimeConfigurable;25;1;0;20;71;182;12;22;1
ant;1.7;org.apache.tools.mail.SmtpResponseReader;5;1;0;1;19;0;1;3;0
ant;1.7;org.apache.tools.ant.taskdefs.VerifyJar;4;4;0;9;36;0;0;3;1
ant;1.7;org.apache.tools.ant.taskdefs.optional.ssh.ScpToMessage;15;2;1;7;49;75;2;9;1
ant;1.7;org.apache.tools.ant.taskdefs.optional.unix.Symlink;23;4;0;13;96;181;0;16;5
ant;1.7;org.apache.tools.ant.ProjectHelper;18;1;2;24;68;151;18;17;1
ant;1.7;org.apache.tools.ant.listener.Log4jListener;8;1;0;7;33;0;0;8;1
ant;1.7;org.apache.tools.ant.filters.FixCrLfFilter;18;5;0;14;44;77;2;16;0
ant;1.7;org.apache.tools.ant.taskdefs.AbstractJarSignerTask;24;3;2;14;65;222;2;13;0
ant;1.7;org.apache.tools.ant.taskdefs.optional.ejb.JbossDeploymentTool;6;2;0;5;23;9;1;3;0
ant;1.7;org.apache.tools.ant.taskdefs.ManifestClassPath;6;3;0;6;33;3;0;6;2
ant;1.7;org.apache.tools.ant.taskdefs.optional.perforce.P4Reopen;3;4;0;4;11;0;0;3;0
ant;1.7;org.apache.tools.ant.taskdefs.Javadoc;92;3;0;34;261;3726;8;81;4
ant;1.7;org.apache.tools.ant.types.selectors.BaseSelector;6;3;6;10;10;3;7;6;0
ant;1.7;org.apache.tools.ant.types.resources.selectors.ResourceSelectorContainer;7;3;5;9;26;0;5;6;0
ant;1.7;org.apache.tools.ant.taskdefs.compilers.Gcj;5;2;0;8;34;8;1;3;1
ant;1.7;org.apache.tools.ant.taskdefs.optional.depend.JarFileIterator;2;1;0;2;18;0;0;2;0
